_id,gb,fr,de,it,es,pl,el,ro,bg,da,sv,no,nl
$Dictionary~~0:00,"",0:00,0:00,00:00,0:00,"","",0:00,0:00,"",00:00,"",00:00
$Dictionary~~10:00,"",10h00,10:00,10:00,10:00,"","",10:00,10:00,"",10:00,"",10:00
$Dictionary~~11:00,"",11h00,11:00,11:00,11:00,"","",11:00,11:00,"",11:00,"",11:00
$Dictionary~~12:00,"",12h00,12:00,00:00,12:00,"","",12:00,12:00,"",00:00,"",00:00
$Dictionary~~13:00,"",13h00,13:00,13:00,13:00,"","",13:00,13:00,"",13:00,"",13:00
$Dictionary~~14:00,"",14h00,14:00,14:00,14:00,"","",14:00,14:00,"",14:00,"",14:00
$Dictionary~~15:00,"",15h00,15:00,15:00,15:00,"","",15:00,15:00,"",15:00,"",15:00
$Dictionary~~16:00,"",16h00,16:00,16:00,16:00,"","",16:00,16:00,"",16:00,"",16:00
$Dictionary~~17:00,"",17h00,17:00,17:00,17:00,"","",17:00,17:00,"",17:00,"",17:00
$Dictionary~~18:00,"",18h00,18:00,18:00,18:00,"","",18:00,18:00,"",18:00,"",18:00
$Dictionary~~18:05,"",18h05,18.05,"",18:05,"","",18:05,18:05,"",18:05,"",18:05
$Dictionary~~18:10,"",18h10,18:10,"",18:10,"","",18:10,18:10,"",18:10,"",18:10
$Dictionary~~18:15,"",18h15,18:15,"",18:15,"","",18:15,18:15,"",18:15,"",18:15
$Dictionary~~18:20,"",18h20,18:20,"",18:20,"","",18:20,18:20,"",18:20,"",18:20
$Dictionary~~18:25,"",18h25,18:25,"",18:25,"","",18:25,18:25,"",18:25,"",18:25
$Dictionary~~18:30,"",18h30,18:30,"",18:30,"","",18:30,18:30,"",18:30,"",18:30
$Dictionary~~18:35,"",18h35,18:35,"",18:35,"","",18:35,18:35,"",18:35,"",18:35
$Dictionary~~18:40,"",18h40,18:40,"",18:40,"","",18:40,18:40,"",18:40,"",18:40
$Dictionary~~18:45,"",18h45,18:45,"",18:45,"","",18:45,18:45,"",18:45,"",18:45
$Dictionary~~18:50,"",18h50,18:50,"",18:50,"","",18:50,18:50,"",18:50,"",18:50
$Dictionary~~18:55,"",18h55,18:55,"",18:55,"","",18:55,18:55,"",18:55,"",18:55
$Dictionary~~19:00,"",19h00,19:00,19:00,19:00,"","",19:00,19:00,"",19:00,"",19:00
$Dictionary~~1:00,"",1h00,1:00,01:00,1:00,"","",1:00,01:00,"",01:00,"",01:00
$Dictionary~~2009,"",2009,2009,2009,2009,"","",2009,2009,"",2009,"",2009
$Dictionary~~2010,"",2010,2010,2010,2010,"","",2010,2010,"",2010,"",2010
$Dictionary~~2011,"",2011,2011,2011,2011,"","",2011,2011,"",2011,"",2011
$Dictionary~~2012,"",2012,2012,2012,2012,"","",2012,2012,"",2012,"",2012
$Dictionary~~2013,"",2013,2013,2013,2013,"","",2013,2013,"",2013,"",2013
$Dictionary~~2014,"",2014,2014,2014,2014,"","",2014,2014,"",2014,"",2014
$Dictionary~~2015,"",2015,2015,2015,2015,"","",2015,2015,"",2015,"",2015
$Dictionary~~2016,"",2016,2016,2016,2016,"","",2016,2016,"",2016,"",2016
$Dictionary~~2017,"",2017,2017,2017,2017,"","",2017,2017,"",2017,"",2017
$Dictionary~~2018,"",2018,2018,2018,2018,"","",2018,2018,"",2018,"",2018
$Dictionary~~2019,"",2019,2019,2019,2019,"","",2019,2019,"",2019,"",2019
$Dictionary~~2020,"",2020,2020,2020,2020,"","",2020,2020,"",2020,"",2020
$Dictionary~~20:00,"",20h00,20:00,20:00,20:00,"","",20:00,20:00,"",20:00,"",20:00
$Dictionary~~21:00,"",21h00,21:00,21:00,21:00,"","",21:00,21:00,"",21:00,"",21:00
$Dictionary~~22:00,"",22h00,22:00,22:00,22:00,"","",22:00,22:00,"",22:00,"",22:00
$Dictionary~~23:00,"",23h00,23:00,23:00,23:00,"","",23:00,23:00,"",23:00,"",23:00
$Dictionary~~2:00,"",2:00,2:00,02:00,2:00,"","",2:00,02:00,"",02:00,"",02:00
"$Dictionary~~31st January,2018","",31 janvier 2018,31. Januar 2018,31 gennaio 2018,31 de enero de 2018,31 stycznia 2018 r,31 Ιανουαρίου 2018,31 ianuarie 2018,31 януари 2018 г.,"",31 januari 2018,"",31 januari 2018
$Dictionary~~3:00,"",15h00,3:00,03:00,3:00,"","",3:00,03:00,"",03:00,"",03:00
$Dictionary~~4:00,"",4h00,4:00,04:00,4:00,"","",04:00,04:00,"",04:00,"",04:00
$Dictionary~~5:00,"",5h00,5:00,05:00,5:00,"","",5:00,05:00,"",05:00,"",05:00
$Dictionary~~6:00,"",6h00,6:00,06:00,6:00,"","",06:00,06:00,"",06:00,"",06:00
$Dictionary~~7:00,"",7h00,7:00,07:00,7:00,"","",07:00,07:00,"",07:00,"",07:00
$Dictionary~~8:00,"",8h00,8:00,08:00,8:00,"","",8:00,08:00,"",08:00,"",08:00
$Dictionary~~9:00,"",9h00,9:00,09:00,9:00,"","",09:00,09:00,"",09:00,"",09:00
"$Dictionary~~<i class=""lnr lnr-bicycle""></i>Sports CLub","","<i class=""lnr lnr-bicycle""></i> Club de sport","<i class=""lnr lnr-bicycle""></i> Sportclub","<i class=""lnr lnr-bicycle""></i> Club sportivo","<i class=""lnr lnr-bicycle""></i> Club de Deportes","<i class=""lnr lnr-bicycle""></i> Klub Sportowy","<i class=""lnr lnr-bicycle""></i> Αθλητικός όμιλος","<i class=""lnr lnr-bicycle""></i> Club sportiv","<i class=""lnr lnr-bicycle""></i> Спортен клуб","","<i class=""lnr lnr-bicycle""></i> Sportklubb","","<i class=""lnr lnr-bicycle""></i> Sportclub"
"$Dictionary~~<i class=""lnr lnr-car""></i>Rent a Car","","<i class=""lnr lnr-car""></i> Louer une voiture","<i class=""lnr lnr-car""></i> Autovermietungen","<i class=""lnr lnr-car""></i> Affittare una macchina","<i class=""lnr lnr-car""></i> Alquilar un coche","<i class=""lnr lnr-car""></i> Wypożyczyć auto","<i class=""lnr lnr-car""></i> Νοικιάσετε ένα αυτοκίνητο","<i class=""lnr lnr-car""></i> Închiriază o mașină","<i class=""lnr lnr-car""></i> Коли под наем","","<i class=""lnr lnr-car""></i> Hyra en bil","","<i class=""lnr lnr-car""></i> Huur een auto"
"$Dictionary~~<i class=""lnr lnr-coffee-cup""></i>Bar","","<i class=""lnr lnr-coffee-cup""></i> Bar","<i class=""lnr lnr-coffee-cup""></i> Bar","<i class=""lnr lnr-coffee-cup""></i> Bar","<i class=""lnr lnr-coffee-cup""></i> Bar","<i class=""lnr lnr-coffee-cup""></i> Bar","<i class=""lnr lnr-coffee-cup""></i> Μπαρ","<i class=""lnr lnr-coffee-cup""></i> Bar","<i class=""lnr lnr-coffee-cup""></i> бар","","<i class=""lnr lnr-coffee-cup""></i> Bar","","<i class=""lnr lnr-coffee-cup""></i> Bar"
"$Dictionary~~<i class=""lnr lnr-construction""></i>Gymnesium","","<i class=""lnr lnr-construction""></i> Gymnase","<i class=""lnr lnr-construction""></i> Turnhalle","<i class=""lnr lnr-construction""></i> Gymnesium","<i class=""lnr lnr-construction""></i> Gymnesium","<i class=""lnr lnr-construction""></i> Gymnesium","<i class=""lnr lnr-construction""></i> Γυμνόζη","<i class=""lnr lnr-construction""></i> Gymnesium","<i class=""lnr lnr-construction""></i> Gymnesium","","<i class=""lnr lnr-construction""></i> Gymnesium","","<i class=""lnr lnr-construction""></i> Gymnesium"
"$Dictionary~~<i class=""lnr lnr-dinner""></i>Restaurant","","<i class=""lnr lnr-dinner""></i> Restaurant","<i class=""lnr lnr-dinner""></i> Restaurant","<i class=""lnr lnr-dinner""></i> Ristorante","<i class=""lnr lnr-dinner""></i> Restaurante","<i class=""lnr lnr-dinner""></i> Restauracja","<i class=""lnr lnr-dinner""></i> Εστιατόριο","<i class=""lnr lnr-dinner""></i> Restaurant","<i class=""lnr lnr-dinner""></i> Ресторант","","<i class=""lnr lnr-dinner""></i> Restaurang","","<i class=""lnr lnr-dinner""></i> Restaurant"
"$Dictionary~~<i class=""lnr lnr-shirt""></i>Swimming Pool","","<i class=""lnr lnr-shirt""></i> Piscine","<i class=""lnr lnr-shirt""></i> Schwimmbad","<i class=""lnr lnr-shirt""></i> Piscina","<i class=""lnr lnr-shirt""></i> Piscina","<i class=""lnr lnr-shirt""></i> Basen","<i class=""lnr lnr-shirt""></i> Πισίνα","<i class=""lnr lnr-shirt""></i> Piscina","<i class=""lnr lnr-shirt""></i> Басейн","","<i class=""lnr lnr-shirt""></i> Simbassäng","","<i class=""lnr lnr-shirt""></i> Zwembad"
$Dictionary~~About Agency,"",A propos de l&#39;agence,Über die Agentur,Informazioni sull&#39;agenzia,Acerca de Agencia,O agencji,Σχετικά με τον Οργανισμό,Despre agenție,За Агенцията,"",Om byrån,"",Over Agentschap
$Dictionary~~About Us <br>Our History<br>Mission &amp; Vision,"",À propos de nous <br> Notre histoire <br> La vision de la mission,Über uns <br> Unsere Geschichte <br> Mission &amp; Vision,Riguardo a noi <br> La nostra storia <br> Visione della missione,Sobre nosotros <br> Nuestra historia <br> Misión Visión,O nas <br> Nasza historia <br> Misja i wizja,Σχετικά με εμάς <br> Η ιστορία μας <br> Αποστολή &amp; Όραμα,Despre noi <br> Istoria noastra <br> Misiunea și viziunea,За нас <br> Нашата история <br> Мисия и визия,"",Om oss <br> Vår historia <br> Mission &amp; Vision,"",Over ons <br> Onze geschiedenis <br> Missie visie
$Dictionary~~About us,"",À propos de nous,Über uns,Riguardo a noi,Sobre nosotros,O nas,Σχετικά με εμάς,Despre noi,За нас,"",Om oss,"",Over ons
$Dictionary~~Accomodation,"",Hébergement,Unterkunft,Alloggio,Alojamiento,"","",Cazare,Настаняване,"",boende,"",Accomodation
"$Dictionary~~Acres of Diamonds… you’ve read the famous story, or at least had it related to you. A farmer.","","Acres of Diamonds… vous avez lu la célèbre histoire, ou du moins l&#39;aviez-vous racontée. Un fermier.",Acres of Diamonds… Sie haben die berühmte Geschichte gelesen oder hatten zumindest einen Bezug zu Ihnen. Ein Bauer.,"Acres of Diamonds ... hai letto la famosa storia, o almeno ce l&#39;hai legata. Un contadino.","Acres of Diamonds ... has leído la famosa historia, o al menos la has relacionado contigo. Un granjero.","Acres of Diamonds… przeczytałeś słynną historię, a przynajmniej miałeś z nią związek. Rolnik.",Acres of Diamonds ... έχετε διαβάσει τη διάσημη ιστορία ή τουλάχιστον σχετιζόταν με εσάς. Αγρότης.,"Acres of Diamonds ... ai citit faimoasa poveste, sau cel puțin ai avut legătură cu tine. Un fermier.",Акра от диаманти ... прочетохте известната история или поне я свързахте с вас. Фермер.,"","Acres of Diamonds ... du har läst den berömda historien, eller åtminstone haft den relaterad till dig. En bonde.","","Acres of Diamonds… je hebt het beroemde verhaal gelezen, of het had in ieder geval iets met jou te maken. Een boer."
$Dictionary~~Adult,"",Adulte,Erwachsene,Adulto,Adulto,"","",Adult,възрастен,"",Vuxen,"",Volwassen
$Dictionary~~Apr,"",avr,Apr,aprile,abr,"","",Aprilie,април,"",april,"",april
$Dictionary~~Arrival Date,"",Date d&#39;arrivée,Ankunftsdatum,Data d&#39;arrivo,Fecha de llegada,Data przybycia,Ημερομηνία άφιξης,Data sosirii,Дата на пристигане,"",Ankomstdatum,"",Aankomstdatum
"$Dictionary~~As conscious traveling Paupers we must always be concerned about our dear Mother Earth. If you think about it, you travel across her face, and She is the ","","En tant que voyageurs conscients, nous devons toujours nous préoccuper de notre chère Mère Terre. Si vous y réfléchissez, vous traversez son visage et elle est la","Als bewusst reisende Paupers müssen wir uns immer Sorgen um unsere liebe Mutter Erde machen. Wenn du darüber nachdenkst, reist du über ihr Gesicht und sie ist die","Come poveri coscienti che viaggiano, dobbiamo sempre preoccuparci della nostra cara Madre Terra. Se ci pensate, le attraversate il viso e lei è la","Como mendigos viajeros conscientes, siempre debemos preocuparnos por nuestra querida Madre Tierra. Si lo piensas, viajas por su cara, y Ella es la","Jako świadomi podróżujący nędznicy musimy zawsze martwić się o naszą drogą Matkę Ziemię. Jeśli się nad tym zastanowisz, podróżujesz po jej twarzy, a ona jest tą","Ως συνειδητοί Ταξιδιώτες, πρέπει πάντα να ανησυχούμε για τη αγαπητή μας Μητέρα Γη. Εάν το σκέφτεστε, ταξιδεύετε απέναντι στο πρόσωπό της και αυτή είναι η","În calitate de Pașteri călători conștienți, trebuie să fim mereu preocupați de draga noastră mamă Pământ. Dacă te gândești la asta, călătorești pe fața ei, iar ea este","Като съзнателни пътуващи палавници винаги трябва да сме загрижени за нашата скъпа Майка Земя. Ако се замислите, пътувате през нейното лице и тя е тази","",Som medvetna resande Paupers måste vi alltid vara bekymrade över vår kära Moder Jord. Om du tänker på det reser du över hennes ansikte och hon är den,"","Als bewuste reizende Paupers moeten we ons altijd zorgen maken over onze geliefde Moeder Aarde. Als je erover nadenkt, reis je over haar gezicht en zij is de"
$Dictionary~~Aug,"",Août,Aug.,agosto,ago,"","",august,август,"",Augusti,"",augustus
$Dictionary~~Away from monotonous life,"",Loin de la vie monotone,Weg vom eintönigen Leben,Lontano dalla vita monotona,Lejos de la vida monótona,Z dala od monotonne życie,Μακριά από μονότονη ζωή,Departe de viața monotonă,Далеч от монотонен живот,"",Bort från monotont liv,"",Weg van het monotone leven
$Dictionary~~Baby,"",Bébé,Baby,Bambino,Bebé,"","",Bebelus,бебе,"",Bebis,"",Baby
$Dictionary~~Blog,"",Blog,Blog,blog,Blog,Blog,Blog,Blog,Блог,"",blogg,"",blog
$Dictionary~~Blog Details,"",Détails du blog,Blog Details,Dettagli del blog,Detalles del blog,Szczegóły bloga,Λεπτομέρειες ιστολογίου,Detalii despre blog,Подробности за блога,"",Blogginformation,"",Blogdetails
$Dictionary~~Book Now,"",Reserve maintenant,buchen Sie jetzt,Prenota ora,Reservar ahora,Rezerwuj teraz,Κάνετε κράτηση τώρα,Rezerva acum,Резервирайте сега,"",Boka nu,"",Boek nu
$Dictionary~~Book<br> Your Room,"",Livre <br> Ta chambre,Buch <br> Ihr Zimmer,Libro <br> La vostra stanza,Libro <br> Tu cuarto,Książka <br> Twój pokój,Βιβλίο <br> Το δωμάτιό σου,Carte <br> Camera ta,Книга <br> Твоята стая,"",bok <br> Ditt rum,"",Boek <br> Jouw kamer
$Dictionary~~Booking,"",Réservation,Buchung,Prenotazione,Reserva,Rezerwować,Κράτηση,Rezervare,резервация,"",Bokning,"",Booking
$Dictionary~~Child,"",Enfant,Kind,Bambino,Niño,"","",Copil,дете,"",Barn,"",Kind
$Dictionary~~Colorlib,"",Colorlib,Colorlib,Colorlib,Colorlib,Colorlib,Colorlib,Colorlib,Colorlib,"",Colorlib,"",Colorlib
$Dictionary~~Contact,"",Contact,Kontakt,Contatto,Contacto,Kontakt,Επικοινωνία,a lua legatura,контакт,"",Kontakta,"",Contact
$Dictionary~~Creative Outdoor Ads,"",Annonces créatives en plein air,Kreative Außenwerbung,Annunci creativi all&#39;aperto,Anuncios creativos al aire libre,Kreatywne reklamy zewnętrzne,Δημιουργικές υπαίθριες διαφημίσεις,Anunțuri creative în aer liber,Творчески външни реклами,"",Kreativa utomhusannonser,"",Creatieve buitenadvertenties
$Dictionary~~Departure Date,"",Date de départ,Abreisedatum,Data di partenza,Fecha de salida,Data odjazdu,Ημερομηνία αναχώρησης,Data plecării,Дата на заминаване,"",Avgångsdatum,"",Vertrekdatum
$Dictionary~~Double Deluxe Room,"",Chambre Double Deluxe,Deluxe Doppelzimmer,Camera doppia deluxe,Habitación doble de lujo,Pokój Dwuosobowy typu Deluxe,Δίκλινο Deluxe Δωμάτιο,Cameră dublă Deluxe,Двойна стая Делукс,"",Dubbelrum Deluxe,"",Deluxe tweepersoonskamer
$Dictionary~~Economy Double,"",Double Economy,Economy Doppelzimmer,Doppia Economy,Doble Economy,Pokój Dwuosobowy Economy,Οικονομικό Διπλό,Economie dublă,Икономичен двоен,"",Ekonomi dubbel,"",Economy dubbel
$Dictionary~~Elements,"",Elements,Elemeste,Elements,Elements,"","",Elements,Elements,"",Elements,"",Elements
$Dictionary~~Email Address,"",Adresse électronique,E-Mail-Addresse,Indirizzo email,Dirección de correo electrónico,Adres e-mail,Διεύθυνση ηλεκτρονικού ταχυδρομείου,Adresa de email,Имейл адрес,"",E-postadress,"",E-mailadres
$Dictionary~~Fanny Spencer,"",Fanny Spencer,Fanny Spencer,Fanny Spencer,Fanny Spencer,Fanny Spencer,Fanny Spencer,Fanny Spencer,Фани Спенсър,"",Fanny Spencer,"",Fanny Spencer
$Dictionary~~Feature,"",Fonctionnalité,Merkmal,caratteristica,Característica,Cecha,χαρακτηριστικό,Caracteristică,Особеност,"",Funktion,"",Voorzien zijn van
$Dictionary~~Feb,"",fév,Februar,febbraio,feb,"","",februarie,февруари,"",februari,"",februari
"$Dictionary~~For business professionals caught between high OEM price and mediocre print and graphic output, ","","Pour les professionnels, pris entre le prix OEM élevé et une impression médiocre et une impression graphique,","Für Geschäftsleute, die zwischen hohen OEM-Preisen und mittelmäßiger Druck- und Grafikausgabe schwanken,","Per i professionisti interessati a prezzi OEM elevati e stampa e grafica mediocri,","Para los profesionales de negocios atrapados entre el alto precio del OEM y la impresión mediocre y la producción gráfica,","Dla profesjonalistów stojących pomiędzy wysoką ceną OEM a miernym drukiem i wydajnością graficzną,","Για τους επαγγελματίες των επιχειρήσεων που αλιεύονται μεταξύ υψηλής τιμής ΚΑΕ και μέτρια εκτύπωση και γραφική παράδοση,","Pentru profesioniștii din afaceri prins între prețul OEM ridicat și imprimarea mediocră și producția grafică,","За бизнес професионалисти, уловени между висока OEM цена и посредствен печат и графичен изход,","","För affärspersoner fångade mellan högt OEM-pris och medioker tryck och grafisk produktion,","","Voor zakelijke professionals gevangen tussen een hoge OEM-prijs en middelmatige print en grafische uitvoer,"
$Dictionary~~Gallery,"",Galerie,Galerie,Galleria,Galería,Galeria,Εκθεσιακός χώρος,Galerie,галерия,"",Galleri,"",Galerij
$Dictionary~~Get Started,"",Commencer,Loslegen,Iniziare,Empezar,Zaczynać,Ξεκίνα,Incepe,Първи стъпки,"",Komma igång,"",Begin
$Dictionary~~Home,"",Accueil,Zuhause,Casa,Casa,Dom,Σπίτι,Acasă,У дома,"",Hem,"",Huis
$Dictionary~~Honeymoon Suit,"",Costume de lune de miel,Flitterwochen-Anzug,Abito da luna di miele,Traje de luna de miel,Kombinezon dla nowożeńców,Στολή νεόνυμφων,Costum de luna de miere,Костюм за меден месец,"",Bröllopsresa,"",Huwelijksreis Suit
$Dictionary~~Hotel Accomodation,"",Hébergement à l&#39;hôtel,Hotel Unterkunft,Sistemazione in hotel,Alojamiento de hotel,Zakwaterowanie w hotelu,Hotel Accomodation,Cazare la hotel,Настаняване в хотел,"",Hotellboende,"",Hotel accomodatie
"$Dictionary~~If you are looking at blank cassettes on the web, you may be very confused at the<br> difference in price. You may see some for as low as $.17 each.","","Si vous consultez des cassettes vierges sur le Web, vous risquez d&#39;être très confus au <br> différence de prix. Vous en verrez peut-être pour aussi peu que 0,17 $ chacun.","Wenn Sie leere Kassetten im Web betrachten, sind Sie möglicherweise sehr verwirrt über die <br> Preisunterschied. Sie können einige für so niedrig wie $ .17 pro Stück sehen.","Se stai guardando cassette vuote sul web, potresti essere molto confuso su <br> differenza di prezzo. Potresti vederne alcuni a partire da $ .17 ciascuno.","Si está mirando cassettes en blanco en la web, puede estar muy confundido con el <br> diferencia de precio Puede ver algunos por tan solo $ .17 cada uno.","Jeśli patrzysz na puste kasety w sieci, możesz być bardzo zdezorientowany <br> różnica w cenie. Możesz zobaczyć niektóre już za 0,17 $ każdy.","Εάν κοιτάζετε κενές κασέτες στο διαδίκτυο, μπορεί να είστε πολύ συγκεχυμένοι στο <br> διαφορά τιμής. Μπορεί να δείτε μερικά τόσο χαμηλά όπως $ .17 το καθένα.","Dacă te uiți la casete goale de pe web, s-ar putea să fii foarte confuz la adresa <br> diferență de preț. Este posibil să vedeți unele cu prețuri de până la $ 17 fiecare.","Ако търсите празни касети в интернет, може да сте много объркани в <br> разлика в цената. Може да видите някои само за .17 долара.","","Om du tittar på tomma kassetter på webben kan du bli väldigt förvirrad på <br> skillnad i pris. Du kan se några för så låga som $ 0,17 vardera.","","Als u lege cassettes op internet bekijkt, kunt u erg in de war raken over de <br> verschil in prijs. Mogelijk ziet u sommige voor slechts $ 0,17 per stuk."
$Dictionary~~InstaFeed,"",InstaFeed,InstaFeed,InstaFeed,InstaFeed,InstaFeed,InstaFeed,InstaFeed,InstaFeed,"",InstaFeed,"",InstaFeed
$Dictionary~~It S Classified How To Utilize Free,"",Il est classé comment utiliser gratuitement,"Es ist klassifiziert, wie man kostenlos verwendet",È classificato come utilizzare gratuitamente,Está clasificado cómo utilizar gratis,"To jest sklasyfikowane, jak korzystać bezpłatnie",Είναι S Classified Πώς να χρησιμοποιήσετε δωρεάν,Este clasificat modul de utilizare gratuit,Това е S класифицирано как да използвате безплатно,"",Det klassificeras hur man använder gratis,"",Het is geclassificeerd hoe gratis te gebruiken
$Dictionary~~Jan,"",Jan,Jan,Jan,ene,"","",Jan,Jan,"",jan,"",jan
$Dictionary~~Jul,"",juil,Jul,luglio,jul,"","",iulie,юли,"",juli,"",juli
$Dictionary~~Jun,"",Juin,Jun,giugno,jun,"","",Iunie,юни,"",juni,"",juni
$Dictionary~~Life Style,"",Mode de vie,Lebensstil,Stile di vita,Estilo de vida,Styl życia,ΤΡΟΠΟΣ ΖΩΗΣ,Mod de viata,Начин на живот,"",Livsstil,"",Levensstijl
$Dictionary~~Low Cost Advertising,"",Publicité à faible coût,Kostengünstige Werbung,Pubblicità a basso costo,Publicidad de bajo costo,Tania reklama,Διαφήμιση χαμηλού κόστους,Publicitate low cost,Реклама с ниска цена,"",Låg kostnadsreklam,"",Goedkoop adverteren
$Dictionary~~Mar,"",Mar,Beschädigen,mar,mar,"","",strica,развалям,"",mar,"",bederven
$Dictionary~~May,"",Mai,Kann,potrebbe,Mayo,"","",Mai,Може,"",Maj,"",mei
$Dictionary~~Navigation Links,"",Liens de navigation,Navigationslinks,Link di navigazione,Enlaces de navegación,Linki nawigacyjne,Σύνδεσμοι πλοήγησης,Link-uri de navigare,Навигационни връзки,"",Navigeringslänkar,"",Navigatielinks
$Dictionary~~Nb Adults,"",Nb Adultes,Nb Erwachsene,Nb adulti,Nb adultos,Liczba dorosłych,Nb Ενήλικες,Nb Adulti,Nb Възрастни,"",Nb Vuxna,"",Aantal volwassenen
$Dictionary~~Nb Rooms,"",Nb Chambres,Nb Zimmer,Nb Rooms,Nb habitaciones,Pokoje Nb,Nb Rooms,Camere Nb,Nb стаи,"",Nb Rum,"",Aantal kamers
$Dictionary~~Newsletter,"",Bulletin,Newsletter,notiziario,Hoja informativa,Biuletyn,Ενημερωτικό δελτίο,Buletin informativ,Newsletter,"",Nyhetsbrev,"",Nieuwsbrief
$Dictionary~~Number of Rooms,"",Nombre de chambres,Anzahl der Räume,Numero di stanze,Número de habitaciones,"","",Număr de camere,Брой стаи,"",Antal rum,"",Aantal kamers
$Dictionary~~Old,"",Vieux,Alt,Vecchio,Antiguo,"","",Vechi,Стар,"",Gammal,"",Oud
$Dictionary~~Portfolio,"",Portefeuille,Portfolio,Portafoglio,portafolio,Teczka,Χαρτοφυλάκιο,Portofoliu,Портфолио,"",Portfölj,"",Portefeuille
$Dictionary~~Potato,"",Patate,Kartoffel,Patata,Patata,"","",Cartof,картоф,"",Potatis,"",Aardappel
$Dictionary~~Pricing,"",Prix,Preisgestaltung,Prezzi,Precios,cennik,Τιμολόγηση,Prețuri,Ценообразуване,"",Prissättning,"",pricing
$Dictionary~~Relax Your Mind,"",Détends ton esprit,Entspanne deinen Verstand,Rilassati,Relaja tu mente,Rozluźnij swój umysł,Χαλάρωσε,Relaxeaza-ti mintea,Отпуснете ума си,"",Slappna av i hjärnan,"",Ontspan je geest
$Dictionary~~Request Custom Price,"",Demander un prix personnalisé,Benutzerdefinierten Preis anfordern,Richiedi un prezzo personalizzato,Solicitar precio personalizado,Poproś o cenę niestandardową,Ζητήστε την προσαρμοσμένη τιμή,Cereți preț personalizat,Поискайте персонализирана цена,"",Begär anpassat pris,"",Vraag aangepaste prijs aan
$Dictionary~~Room 01,"",Chambre 01,Raum 01,Stanza 01,Sala 01,"","",Camera 01,Стая 01,"",Rum 01,"",Kamer 01
$Dictionary~~Room 02,"",Chambre 02,Raum 02,Stanza 02,Sala 02,"","",Camera 02,Стая 02,"",Rum 02,"",Kamer 02
$Dictionary~~Room 03,"",Chambre 03,Raum 03,Stanza 03,Sala 03,"","",Camera 03,Стая 03,"",Rum 03,"",Kamer 03
$Dictionary~~Royal Facilities,"",Installations royales,Königliche Einrichtungen,Strutture reali,Instalaciones reales,Royal Facilities,Royal Facilities,Facilități regale,Кралски съоръжения,"",Kungliga faciliteter,"",Koninklijke voorzieningen
$Dictionary~~Self-doubt and fear interfere with our ability to achieve or set goals. Self-doubt and fear are,"",Le doute de soi et la peur entravent notre capacité à atteindre ou à fixer des objectifs. Le doute de soi et la peur sont,"Selbstzweifel und Angst beeinträchtigen unsere Fähigkeit, Ziele zu erreichen oder zu setzen. Selbstzweifel und Angst sind",Il dubbio e la paura interferiscono con la nostra capacità di raggiungere o fissare obiettivi. Lo sono il dubbio e la paura,La duda y el miedo interfieren con nuestra capacidad para lograr o establecer objetivos. La duda y el miedo son,Wątpienie i strach zakłócają naszą zdolność do osiągania lub wyznaczania celów. Wątpliwości i strach są,Η αυτοπεποίθηση και ο φόβος παρεμβαίνουν στην ικανότητά μας να επιτύχουμε ή να θέτουμε στόχους. Η αυτοπεποίθηση και ο φόβος είναι,Îndoiala de sine și frica interferează cu capacitatea noastră de a ne atinge sau de a ne fixa obiective. Indoiala de sine si frica sunt,Самосъмнението и страхът пречат на способността ни да постигаме или поставяме цели. Самосъмнението и страхът са,"",Självtvivel och rädsla stör vår förmåga att uppnå eller sätta mål. Själv tvivel och rädsla är,"",Twijfel over zichzelf en angst verstoren ons vermogen om doelen te bereiken of te stellen. Zelftwijfel en angst zijn
$Dictionary~~Services,"",Prestations de service,Dienstleistungen,Servizi,Servicios,Usługi,Υπηρεσίες,Servicii,Услуги,"",tjänster,"",Diensten
$Dictionary~~Single Deluxe Room,"",Chambre Single Deluxe,Einzelzimmer Deluxe,Camera singola deluxe,Habitación individual de lujo,Pokój Jednoosobowy typu Deluxe,Μονόκλινο Deluxe Δωμάτιο,Cameră single Deluxe,Единична делукс стая,"",Enkel Deluxe-rum,"",Deluxe eenpersoonskamer
$Dictionary~~Team,"",Équipe,Mannschaft,Squadra,Equipo,Zespół,Ομάδα,Echipă,екип,"",Team,"",Team
$Dictionary~~Testimonial from our Clients,"",Témoignage de nos clients,Zeugnis von unseren Kunden,Testimonianza dei nostri clienti,Testimonio de nuestros clientes,Referencje od naszych klientów,Μαρτυρία από τους Πελάτες μας,Mărturie din partea clienților noștri,Препоръка от нашите клиенти,"",Vittnesmål från våra kunder,"",Getuigenis van onze klanten
$Dictionary~~The French Revolution constituted for the conscience of the dominant aristocratic class a fall from ,"",La Révolution française a constitué pour la conscience de la classe aristocratique dominante une chute de,Die Französische Revolution bildete für das Gewissen der herrschenden Adelsschicht einen Sturz aus,La rivoluzione francese costituì una caduta per la coscienza della classe aristocratica dominante,La Revolución Francesa constituyó para la conciencia de la clase aristocrática dominante una caída de,Rewolucja Francuska stanowiła dla sumienia dominującej klasy arystokratycznej upadek,Η Γαλλική Επανάσταση αποτελούσε πτώση για τη συνείδηση της κυρίαρχης αριστοκρατικής τάξης,Revoluția franceză a constituit pentru conștiința clasei aristocratice dominante o cădere din,Френската революция представлява спад на съвестта на доминиращата аристократична класа,"",Den franska revolutionen utgjorde för samvete för den dominerande aristokratiska klassen ett fall från,"",De Franse revolutie vormde een val voor het geweten van de dominante aristocratische klasse
"$Dictionary~~The world has become so fast paced that people don’t want to stand by reading a page of information, they would much rather look at a presentation and understand the message. It has come to a point ","","Le monde est devenu si rapide que les gens ne veulent pas lire une page d&#39;informations, ils préfèrent regarder une présentation et comprendre le message. Il est arrivé à un point","Die Welt ist so schnelllebig geworden, dass die Menschen nicht länger eine Informationsseite lesen möchten, sondern lieber eine Präsentation ansehen und die Botschaft verstehen möchten. Es ist zu einem Punkt gekommen","Il mondo è diventato così veloce che la gente non vuole stare a leggere una pagina di informazioni, preferirebbe piuttosto guardare una presentazione e capire il messaggio. È arrivato al punto","El mundo se ha acelerado tanto que las personas no quieren quedarse leyendo una página de información, prefieren mirar una presentación y entender el mensaje. Ha llegado a un punto","","","Lumea a devenit atât de rapidă încât oamenii nu vor să stea citind o pagină de informații, mai degrabă ar privi mai degrabă o prezentare și să înțeleagă mesajul. S-a ajuns la un punct","Светът стана толкова бърз, че хората не искат да стоят, като четат страница с информация, по-скоро биха погледнали презентация и разберат съобщението. Стигна се до някакъв момент","","Världen har blivit så snabb att folk inte vill stå och läsa en informationssida, de vill hellre titta på en presentation och förstå meddelandet. Det har kommit till en punkt","","De wereld is zo snel geworden dat mensen niet willen blijven staan bij het lezen van een pagina met informatie, ze kijken liever naar een presentatie en begrijpen de boodschap. Het is zover gekomen"
"$Dictionary~~The world has become so fast paced that people don’t want to stand by reading a page of information, they would much rather look at a presentation andn                            understand the message. It has come to a point ","","Le monde est devenu si rapide que les gens ne veulent pas lire une page d&#39;informations, ils préfèrent regarder une présentation et comprendre le message. Il est arrivé à un point","Die Welt ist so schnelllebig geworden, dass die Menschen nicht länger eine Informationsseite lesen möchten, sondern lieber eine Präsentation ansehen und die Botschaft verstehen möchten. Es ist zu einem Punkt gekommen","Il mondo è diventato così veloce che la gente non vuole stare a leggere una pagina di informazioni, preferirebbe piuttosto guardare una presentazione e capire il messaggio. È arrivato al punto","El mundo se ha acelerado tanto que las personas no quieren quedarse leyendo una página de información, prefieren mirar una presentación y entender el mensaje. Ha llegado a un punto","Świat stał się tak szybki, że ludzie nie chcą stać, czytając stronę z informacjami, wolą raczej spojrzeć na prezentację i zrozumieć przesłanie. Doszło do punktu","Ο κόσμος έχει γίνει τόσο γρήγορος ρυθμός ώστε οι άνθρωποι δεν θέλουν να σταθούν διαβάζοντας μια σελίδα πληροφοριών, θα προτιμούσαν πολύ να δουν μια παρουσίαση και να καταλάβουν το μήνυμα. Έχει φτάσει σε ένα σημείο","Lumea a devenit atât de rapidă încât oamenii nu vor să stea citind o pagină de informații, mai degrabă ar privi mai degrabă o prezentare și să înțeleagă mesajul. S-a ajuns la un punct","Светът стана толкова бърз, че хората не искат да стоят, като четат страница с информация, по-скоро биха погледнали презентация и разберат съобщението. Стигна се до някакъв момент","","Världen har blivit så snabb att folk inte vill stå och läsa en informationssida, de vill hellre titta på en presentation och förstå meddelandet. Det har kommit till en punkt","","De wereld is zo snel geworden dat mensen niet willen blijven staan bij het lezen van een pagina met informatie, ze kijken liever naar een presentatie en begrijpen de boodschap. Het is zover gekomen"
$Dictionary~~Travel,"",Voyage,Reise,Viaggio,Viajar,Podróżować,Ταξίδι,Călătorie,пътуване,"",Resa,"",Reizen
$Dictionary~~Usage of the Internet is becoming more common due to rapid advancement of technology and power.,"",L&#39;utilisation d&#39;Internet devient de plus en plus courante en raison des progrès rapides de la technologie et du pouvoir.,Die Nutzung des Internets wird aufgrund des raschen Fortschritts von Technologie und Leistung immer häufiger.,L&#39;uso di Internet sta diventando più comune a causa del rapido progresso della tecnologia e del potere.,El uso de Internet se está volviendo más común debido al rápido avance de la tecnología y el poder.,Korzystanie z Internetu staje się coraz powszechniejsze ze względu na szybki postęp technologii i mocy.,Η χρήση του Διαδικτύου γίνεται όλο και πιο κοινή λόγω της ταχείας εξέλιξης της τεχνολογίας και της εξουσίας.,Utilizarea Internetului devine din ce în ce mai frecventă datorită avansării rapide a tehnologiei și a puterii.,Използването на интернет става все по-често поради бързото развитие на технологиите и мощността.,"",Användning av Internet blir allt vanligare på grund av snabb utveckling av teknik och kraft.,"",Gebruik van internet wordt steeds gebruikelijker vanwege de snelle vooruitgang van technologie en kracht.
"$Dictionary~~We all live in an age that belongs to the young at heart. Life that is becoming extremely fast, ","","Nous vivons tous à une époque qui appartient aux jeunes de cœur. La vie qui devient extrêmement rapide,","Wir alle leben in einer Zeit, die den Junggebliebenen gehört. Leben, das extrem schnell wird,","Viviamo tutti in un&#39;età che appartiene ai giovani di cuore. La vita che sta diventando estremamente veloce,","Todos vivimos en una época que pertenece a los jóvenes de corazón. La vida se está volviendo extremadamente rápida,","Wszyscy żyjemy w wieku, który należy do młodych duchem. Życie, które staje się niezwykle szybkie,","Όλοι ζούμε σε μια εποχή που ανήκει στους νέους στην καρδιά. Η ζωή που γίνεται εξαιρετικά γρήγορη,","Cu toții trăim într-o epocă care aparține celor mici din suflet. Viața care devine extrem de rapidă,","Всички живеем във епоха, която принадлежи на младите по сърце. Живот, който става изключително бърз,","","Vi lever alla i en ålder som tillhör de unga i hjärtat. Livet som håller på att bli extremt snabbt,","","We leven allemaal in een tijdperk dat hoort bij de jongeren van hart. Leven dat extreem snel wordt,"
$Dictionary~~Who are in extremely love with eco friendly system.,"",Qui sont extrêmement amoureux du système écologique.,Wer sind extrem verliebt in umweltfreundliche System.,Chi è estremamente innamorato del sistema eco-compatibile.,Quienes están extremadamente enamorados del sistema ecológico.,Którzy są wyjątkowo zakochani w systemie przyjaznym dla środowiska.,Ποιοι είναι σε εξαιρετικά αγάπη με φιλικό προς το περιβάλλον σύστημα.,Cei care sunt extrem de îndrăgostiți de un sistem ecologic.,Които са изключително влюбени в екологичната система.,"",Som är mycket kär i miljövänliga system.,"",Die extreem verliefd zijn op een milieuvriendelijk systeem.
"$Dictionary~~Why do you want to motivate yourself? Actually, just answering that question fully can ","","Pourquoi voulez-vous vous motiver? En fait, le simple fait de répondre à cette question peut",Warum willst du dich motivieren? Eigentlich kann nur die vollständige Beantwortung dieser Frage,"Perché vuoi motivarti? In realtà, basta rispondere a questa domanda pienamente","¿Por qué quieres motivarte? En realidad, solo responder esa pregunta completamente puede",Dlaczego chcesz się zmotywować? Właściwie to wystarczy odpowiedzieć na to pytanie w pełni,"Γιατί θέλετε να παρακινήσετε τον εαυτό σας; Στην πραγματικότητα, απλά απαντώντας σε αυτό το ερώτημα μπορεί να γίνει","De ce vrei să te motivezi? De fapt, poate răspunde la această întrebare pe deplin",Защо искате да се мотивирате? Всъщност просто отговорът на този въпрос може,"",Varför vill du motivera dig själv? Det är faktiskt bara att besvara den frågan fullt ut,"",Waarom wil je jezelf motiveren? Eigenlijk kan alleen die vraag volledig beantwoorden
$Dictionary~~Younger,"",Plus jeune,Jünger,Minore,Mas joven,"","",Mai tanara,По-млад,"",Yngre,"",Jonger
"$Dictionary~~inappropriate behavior is often laughed off as “boys will be boys,” women face higher conduct standards especially in the workplace. That’s why it’s crucial that, as women, our behavior on the job is beyond reproach. inappropriate behavior is often laughed.","","On se moque souvent des comportements inappropriés car «les garçons seront des garçons», les femmes sont soumises à des normes de conduite plus élevées, en particulier sur leur lieu de travail. C&#39;est pourquoi il est crucial qu&#39;en tant que femmes, notre comportement au travail soit irréprochable. comportement inapproprié est souvent ri.","unangemessenes Verhalten wird oft ausgelacht, da „Jungen Jungen sein werden“. Frauen sehen sich insbesondere am Arbeitsplatz höheren Verhaltensstandards gegenüber. Deshalb ist es entscheidend, dass unser Verhalten bei der Arbeit für Frauen über jeden Zweifel erhaben ist. unangemessenes Verhalten wird oft ausgelacht.","comportamenti inappropriati vengono spesso derisi poiché &quot;i ragazzi saranno ragazzi&quot;, le donne devono affrontare standard di condotta più elevati, soprattutto sul posto di lavoro. Ecco perché è fondamentale che, come donne, il nostro comportamento sul lavoro sia irreprensibile. il comportamento inappropriato viene spesso deriso.","El comportamiento inapropiado a menudo se ríe porque &quot;los niños serán niños&quot;, las mujeres enfrentan estándares de conducta más altos, especialmente en el lugar de trabajo. Por eso es crucial que, como mujeres, nuestro comportamiento en el trabajo esté más allá de cualquier reproche. El comportamiento inapropiado a menudo se ríe.","niewłaściwe zachowanie jest często wyśmiewane, ponieważ „chłopcy będą chłopcami”, kobiety napotykają wyższe standardy postępowania, szczególnie w miejscu pracy. Dlatego tak ważne jest, aby jako kobiety nasze zachowanie w pracy było bez zarzutu. niewłaściwe zachowanie jest często wyśmiewane.","η ακατάλληλη συμπεριφορά συχνά λυπάται γιατί «τα αγόρια θα είναι αγόρια», οι γυναίκες αντιμετωπίζουν υψηλότερα πρότυπα συμπεριφοράς, ιδίως στον εργασιακό χώρο. Αυτός είναι ο λόγος για τον οποίο είναι πολύ σημαντικό, όπως και οι γυναίκες, η συμπεριφορά μας στη δουλειά να είναι πέρα από την κατηγορία. η ακατάλληλη συμπεριφορά συχνά γέλασε.","comportamentul inadecvat este adesea râs deoarece „băieții vor fi băieți”, femeile se confruntă cu standarde de conduită mai ridicate, în special la locul de muncă. De aceea este crucial ca, în calitate de femei, comportamentul nostru la locul de muncă să fie dincolo de reproșuri. comportamentul neadecvat este adesea râs.","често се смее неподходящото поведение, тъй като „момчетата ще бъдат момчета“, жените са изправени пред по-високи стандарти на поведение, особено на работното място. Ето защо е изключително важно, като жени, нашето поведение в работата е извън укор. често се смее неподходящо поведение.","","Otillräckligt beteende skrattas ofta eftersom &quot;pojkar kommer att vara pojkar&quot;, kvinnor möter högre uppförandestandarder, särskilt på arbetsplatsen. Det är därför det är avgörande att vårt beteende på jobbet som kvinnor är överklagat. olämpligt beteende skrattas ofta.","","ongepast gedrag wordt vaak uitgelachen omdat &quot;jongens jongens zullen zijn&quot;, vrouwen worden geconfronteerd met hogere gedragsnormen, vooral op de werkplek. Daarom is het van cruciaal belang dat ons gedrag als vrouw onberispelijk is. ongepast gedrag wordt vaak uitgelachen."
$Dictionary~~latest posts from blog,"",derniers articles du blog,Neueste Beiträge aus dem Blog,ultimi post dal blog,últimas publicaciones del blog,najnowsze posty z bloga,τις τελευταίες αναρτήσεις από το blog,ultimele postări de pe blog,последните публикации от блога,"",senaste inlägg från bloggen,"",laatste berichten van blog
$Dictionary~~next,"",suivant,Nächster,Il prossimo,próximo,Kolejny,Επόμενο,Următor →,следващия,"",Nästa,"",volgende
$Dictionary~~prev,"",prev,vorh,prev,prev,poprz,prev,prev,предишна,"",prev,"",prev
