_id,name,email,bs,catchPhrase
GEN__Client~~1,Ratke Inc,Sheldon.Barton2@yahoo.com,world-class benchmark e-business,Virtual high-level function
GEN__Client~~2,Gibson Group,Laverna.Von21@yahoo.com,e-business innovate infomediaries,Switchable fresh-thinking synergy
GEN__Client~~3,"Koelpin, Zulauf and Kerluke",Kory_Bruen85@gmail.com,B2C disintermediate ROI,Public-key uniform circuit
GEN__Client~~4,Crist Group,Nya83@hotmail.com,cutting-edge transform architectures,Profound exuding architecture
GEN__Client~~5,"Ledner, Dickinson and O'Reilly",Kenyon.Romaguera7@yahoo.com,rich target applications,Customizable bottom-line function
GEN__Client~~6,Pagac Inc,Rene.Terry25@hotmail.com,best-of-breed enable users,Advanced attitude-oriented website
GEN__Client~~7,"Toy, Mayer and Sawayn",Margaret.Wyman@gmail.com,bricks-and-clicks reintermediate vortals,Assimilated national conglomeration
GEN__Client~~8,Kirlin LLC,Mireya_Beer35@hotmail.com,web-enabled cultivate infrastructures,Reverse-engineered mobile budgetary management
GEN__Client~~9,Buckridge - Windler,Joshuah_Kautzer95@gmail.com,B2B whiteboard synergies,Operative local project
GEN__Client~~10,Cummerata - Kohler,Hugh.Beahan98@gmail.com,cross-platform monetize users,Right-sized regional collaboration
